{"cameraMode":{"drawMode":0,"name":"Shaded","section":"Shading Mode"},"sceneLighting":false,"audioPlay":false,"sceneViewState":{"m_AlwaysRefresh":false,"showFog":true,"showSkybox":false,"showFlares":true,"showImageEffects":true,"showParticleSystems":true,"showVisualEffectGraphs":true,"m_FxEnabled":true},"in2DMode":false,"pivot":{"x":0.015509754419326783,"y":0.3438514471054077,"z":0.03686276078224182},"rotation":{"x":-0.03962528333067894,"y":0.917508602142334,"z":-0.09544525295495987,"w":-0.3845648467540741},"size":0.4226268529891968,"orthographic":false}