{"cameraMode":{"drawMode":0,"name":"Shaded","section":"Shading Mode"},"sceneLighting":false,"audioPlay":false,"sceneViewState":{"m_AlwaysRefresh":false,"showFog":true,"showSkybox":false,"showFlares":true,"showImageEffects":true,"showParticleSystems":true,"showVisualEffectGraphs":true,"m_FxEnabled":true},"in2DMode":false,"pivot":{"x":2.0271835327148439,"y":-0.13803477585315705,"z":-1.0294815301895142},"rotation":{"x":0.10535375773906708,"y":0.8749123811721802,"z":-0.2190142720937729,"w":0.4197227954864502},"size":5.280971527099609,"orthographic":false}