{"cameraMode":{"drawMode":0,"name":"Shaded","section":"Shading Mode"},"sceneLighting":true,"audioPlay":false,"sceneViewState":{"showFog":true,"showMaterialUpdate":false,"showSkybox":true,"showFlares":true,"showImageEffects":true,"showParticleSystems":true},"in2DMode":false,"pivot":{"x":8.129318237304688,"y":-0.2385604977607727,"z":10.064318656921387},"rotation":{"x":-0.04948638752102852,"y":0.9478334784507752,"z":-0.2548138499259949,"w":-0.18649165332317353},"size":1.1660254001617432,"orthographic":false}