{"cameraMode":{"drawMode":0,"name":"Shaded","section":"Shading Mode"},"sceneLighting":true,"audioPlay":false,"sceneViewState":{"m_AlwaysRefresh":false,"showFog":true,"showSkybox":true,"showFlares":true,"showImageEffects":true,"showParticleSystems":true,"showVisualEffectGraphs":true,"m_FxEnabled":true},"in2DMode":false,"pivot":{"x":27.083927154541017,"y":-4.211136817932129,"z":22.498348236083986},"rotation":{"x":0.10463380068540573,"y":-0.44507908821105959,"z":0.052450209856033328,"w":0.8878412246704102},"size":12.12435531616211,"orthographic":false}