{"cameraMode":{"drawMode":0,"name":"Shaded","section":"Shading Mode"},"sceneLighting":false,"audioPlay":false,"sceneViewState":{"m_AlwaysRefresh":false,"showFog":true,"showSkybox":false,"showFlares":true,"showImageEffects":true,"showParticleSystems":true,"showVisualEffectGraphs":true,"m_FxEnabled":true},"in2DMode":false,"pivot":{"x":0.0008271932601928711,"y":0.26318347454071047,"z":0.014766454696655274},"rotation":{"x":-0.18335531651973725,"y":0.09182767570018769,"z":-0.017121581360697748,"w":-0.9786236882209778},"size":0.6969842314720154,"orthographic":false}