{"cameraMode":{"drawMode":0,"name":"Shaded","section":"Shading Mode"},"sceneLighting":false,"audioPlay":false,"sceneViewState":{"m_AlwaysRefresh":false,"showFog":true,"showSkybox":false,"showFlares":true,"showImageEffects":true,"showParticleSystems":true,"showVisualEffectGraphs":true,"m_FxEnabled":true},"in2DMode":false,"pivot":{"x":-0.0938304215669632,"y":-0.9494059681892395,"z":5.779901504516602},"rotation":{"x":0.1361120045185089,"y":0.002680918900296092,"z":-0.00003524163912516087,"w":0.9908948540687561},"size":3.9467270374298097,"orthographic":false}